[
  {
    "topic": "A Expansão Marítima Portuguesa",
    "text": "Portugal foi pioneiro na exploração dos oceanos no século XV. Estabeleceram-se novas rotas comerciais para África, Índia e Brasil."
  },
  {
    "topic": "A Revolução Industrial",
    "text": "A partir do século XVIII, surgiram fábricas, novas máquinas e transportes, mudando para sempre o trabalho e a vida nas cidades."
  },
  {
    "topic": "A Idade Média em Portugal",
    "text": "Entre o século V e XV, Portugal formou-se como reino e construiu castelos, catedrais e cidades medievais."
  },
  {
    "topic": "A Dinastia de Avis",
    "text": "Iniciada em 1385, a Dinastia de Avis levou Portugal à liderança mundial na navegação e exploração marítima."
  },
  {
    "topic": "A União Ibérica",
    "text": "Entre 1580 e 1640, Portugal e Espanha estiveram unidos sob um mesmo rei, o que levou a conflitos e a perda de territórios."
  },
  {
    "topic": "A Restauração da Independência",
    "text": "Em 1640, Portugal recuperou a sua independência após 60 anos de domínio espanhol, com D. João IV como rei."
  },
  {
    "topic": "O Terramoto de 1755",
    "text": "O grande terramoto destruiu Lisboa em 1755. O Marquês de Pombal liderou a reconstrução e modernização da cidade."
  },
  {
    "topic": "A Revolução Liberal de 1820",
    "text": "Esta revolução estabeleceu a primeira Constituição portuguesa, promovendo direitos e liberdades individuais."
  },
  {
    "topic": "A Formação do Reino de Portugal",
    "text": "A independência de Portugal começou com as batalhas de D. Afonso Henriques contra os reinos vizinhos, culminando com o Tratado de Zamorra em 1143."
  },
  {
    "topic": "A Sociedade Medieval",
    "text": "Na Idade Média, a sociedade era dividida em três grupos: os que rezavam (clero), os que lutavam (nobreza) e os que trabalhavam (povo)."
  },
  {
    "topic": "Os Conventos e Mosteiros",
    "text": "Durante a Idade Média, muitos conventos e mosteiros foram construídos, sendo centros de saber e cultura em Portugal."
  },
  {
    "topic": "As Cruzadas",
    "text": "As Cruzadas foram expedições religiosas organizadas pela Europa cristã para conquistar Jerusalém e outros lugares sagrados."
  },
  {
    "topic": "O Infante D. Henrique",
    "text": "Filho de D. João I, foi um grande impulsionador dos Descobrimentos, apoiando a construção de navios e o estudo da navegação em Sagres."
  },
  {
    "topic": "A Chegada ao Brasil",
    "text": "Em 1500, Pedro Álvares Cabral comandou a frota que descobriu o Brasil, um marco importante na expansão portuguesa."
  },
  {
    "topic": "O Tratado de Tordesilhas",
    "text": "Assinado entre Portugal e Espanha em 1494, dividia o mundo conhecido em duas partes para evitar conflitos entre os dois reinos."
  },
  {
    "topic": "O Absolutismo",
    "text": "O absolutismo foi uma forma de governo onde o rei concentrava todos os poderes, como aconteceu com D. João V em Portugal."
  },
  {
    "topic": "A Inquisição",
    "text": "Foi uma instituição criada para perseguir e julgar pessoas acusadas de heresia, tendo grande influência em Portugal durante séculos."
  },
  {
    "topic": "As Reformas Pombalinas",
    "text": "O Marquês de Pombal implementou várias reformas na educação, na economia e na organização do Estado após o terramoto de 1755."
  },
  {
    "topic": "A Revolução Francesa e o seu impacto",
    "text": "A Revolução Francesa inspirou ideias de liberdade e igualdade em toda a Europa, incluindo em Portugal, onde levou a revoltas e mudanças políticas."
  },
  {
    "topic": "A Guerra Peninsular",
    "text": "Entre 1807 e 1811, Portugal foi invadido por tropas francesas. A ajuda inglesa e a resistência portuguesa foram essenciais para a vitória."
  },
  {
    "topic": "A Corte Portuguesa no Brasil",
    "text": "Em 1807, a família real portuguesa fugiu das invasões napoleónicas e transferiu-se para o Brasil, que se tornou capital do Império Português."
  },
  {
    "topic": "O Liberalismo em Portugal",
    "text": "O século XIX foi marcado por lutas entre absolutistas e liberais. Os liberais queriam uma monarquia constitucional com direitos e deveres para todos."
  },
  {
    "topic": "A Monarquia Constitucional",
    "text": "Com a aprovação de várias Constituições, Portugal passou a ser uma monarquia constitucional, com o rei a partilhar o poder com o parlamento."
  }
]
