[
  {
    "topic": "A Revolução Francesa",
    "text": "Em 1789, o povo francês revoltou-se contra os privilégios da nobreza e da monarquia, proclamando liberdade, igualdade e fraternidade."
  },
  {
    "topic": "A 1ª Guerra Mundial",
    "text": "Entre 1914 e 1918, o mundo assistiu a um conflito sem precedentes, marcado por novas armas e milhões de mortos."
  },
  {
    "topic": "O Estado Novo em Portugal",
    "text": "Entre 1933 e 1974, Portugal foi governado por um regime autoritário liderado por Salazar, marcado pela censura e falta de liberdades."
  },
  {
    "topic": "O 25 de Abril de 1974",
    "text": "O Movimento das Forças Armadas derrubou a ditadura em 1974, restaurando a democracia e a liberdade em Portugal."
  },
  {
    "topic": "A 2ª Guerra Mundial",
    "text": "De 1939 a 1945, o mundo enfrentou a guerra mais devastadora da história, envolvendo países de todos os continentes."
  },
  {
    "topic": "A Guerra Colonial Portuguesa",
    "text": "Entre 1961 e 1974, Portugal lutou para manter as suas colónias em África, num conflito que acelerou a queda do Estado Novo."
  },
  {
    "topic": "O Processo de Descolonização",
    "text": "Após 1974, Portugal concedeu independência às suas colónias africanas, como Angola, Moçambique e Guiné-Bissau."
  },
  {
    "topic": "Portugal na União Europeia",
    "text": "Portugal aderiu à União Europeia em 1986, o que impulsionou o desenvolvimento económico, social e infraestrutural do país."
  },
  {
    "topic": "A Revolução Industrial",
    "text": "A Revolução Industrial iniciou-se no Reino Unido no século XVIII e espalhou-se pela Europa. Transformou a economia agrícola numa economia baseada na produção em massa e alterou profundamente a sociedade."
  },
  {
    "topic": "O Congresso de Viena",
    "text": "Após a queda de Napoleão Bonaparte em 1815, as potências europeias reuniram-se para restaurar as fronteiras e os regimes monárquicos, tentando manter o equilíbrio de poder no continente."
  },
  {
    "topic": "O Nazismo e o Holocausto",
    "text": "Na Alemanha, Hitler impôs uma ditadura baseada no nacionalismo e no racismo. Milhões de judeus, ciganos e outros grupos foram perseguidos e mortos nos campos de concentração durante o Holocausto."
  },
  {
    "topic": "A Guerra Fria",
    "text": "Após a Segunda Guerra Mundial, o mundo dividiu-se entre dois blocos: o capitalista, liderado pelos EUA, e o socialista, liderado pela URSS. A rivalidade deu origem a conflitos indiretos e à corrida armamentista."
  },
  {
    "topic": "A Crise Académica de 1962",
    "text": "Em Portugal, estudantes universitários manifestaram-se contra a repressão e a censura. Foi um dos sinais de resistência ao regime do Estado Novo e à falta de liberdade."
  },
  {
    "topic": "A Constituição de 1976",
    "text": "Após o 25 de Abril, Portugal aprovou uma nova Constituição que consagra direitos fundamentais, como a liberdade de expressão, de associação e de participação política."
  },
  {
    "topic": "A Revolução Científica",
    "text": "Entre os séculos XVI e XVII, surgiram novas formas de pensar baseadas na observação e na experimentação. Cientistas como Galileu e Newton mudaram a forma como vemos o mundo."
  },
  {
    "topic": "O Colonialismo Europeu",
    "text": "Nos séculos XIX e XX, as potências europeias colonizaram vastas regiões de África e da Ásia, explorando os recursos naturais e impondo o seu domínio político e cultural."
  },
  {
    "topic": "A Criação da ONU",
    "text": "A Organização das Nações Unidas foi fundada em 1945 para promover a paz, a segurança e a cooperação internacional após a destruição causada pela Segunda Guerra Mundial."
  },
  {
    "topic": "O Papel das Mulheres na História",
    "text": "Ao longo dos séculos, as mulheres lutaram por igualdade de direitos e oportunidades, sendo muitas vezes invisibilizadas nos livros de História, apesar do seu contributo essencial."
  },
  {
    "topic": "A Globalização",
    "text": "A globalização refere-se ao crescimento das ligações económicas, culturais e tecnológicas entre países, trazendo vantagens e desafios, como a desigualdade e a perda de identidades locais."
  },
  {
    "topic": "A Revolução Tecnológica",
    "text": "A chegada da Internet, dos computadores e dos telemóveis transformou radicalmente a forma como as pessoas comunicam, trabalham e aprendem no século XXI."
  },
  {
    "topic": "O Alargamento da União Europeia",
    "text": "Desde a sua criação, a União Europeia cresceu com a adesão de vários países da Europa de Leste, promovendo a cooperação económica e política no continente."
  },
  {
    "topic": "Portugal e o Euro",
    "text": "Portugal adotou o euro em 2002, substituindo o escudo como moeda oficial. Isso facilitou o comércio com outros países europeus e influenciou a economia nacional."
  },
  {
    "topic": "As Migrações no Mundo Atual",
    "text": "Milhões de pessoas migram em busca de melhores condições de vida, segurança ou liberdade. As migrações têm impactos sociais, económicos e culturais nos países de origem e destino."
  }
]
