[
  {
    "topic": "O que é a História",
    "text": "A História é o estudo do passado. Ajuda-nos a conhecer os acontecimentos e as pessoas que viveram antes de nós."
  },
  {
    "topic": "Descobrimentos Portugueses",
    "text": "No século XV, Portugal foi o primeiro país a explorar o mar. Grandes navegadores como Vasco da Gama e Fernão de Magalhães descobriram novos caminhos para a Índia e para a América."
  },
  {
    "topic": "Fundação de Portugal",
    "text": "Portugal tornou-se um país em 1143, com o rei D. Afonso Henriques. Ele lutou para tornar o território independente do reino de Leão."
  },
  {
    "topic": "Povos Antigos",
    "text": "Antes de Portugal existir, viveram aqui povos como os Romanos, os Celtas e os Visigodos. Eles trouxeram costumes, palavras e construções novas."
  },
  {
    "topic": "O 25 de Abril",
    "text": "Em 1974, o povo português conquistou a liberdade com a Revolução dos Cravos, terminando muitos anos de ditadura."
  },
  {
    "topic": "Castelos e Reis",
    "text": "Durante a Idade Média, foram construídos muitos castelos em Portugal para proteger as terras dos invasores."
  },
  {
    "topic": "A Família Real Portuguesa",
    "text": "Os reis e rainhas faziam parte da família real, que governava o país e tomava decisões importantes para o povo."
  },
  {
    "topic": "Tradições e Festas Populares",
    "text": "Portugal tem muitas festas populares, como as festas dos santos populares, onde se dança, canta e celebra a cultura."
  },
  {
    "topic": "A Pré-História",
    "text": "A Pré-História foi o tempo antes da escrita. As pessoas viviam em cavernas, caçavam e faziam ferramentas de pedra."
  },
  {
    "topic": "O Infante D. Henrique",
    "text": "O Infante D. Henrique foi um príncipe muito importante. Ajudou Portugal a começar os Descobrimentos Marítimos."
  },
  {
    "topic": "A Primeira República",
    "text": "Em 1910, Portugal deixou de ter reis e passou a ter um Presidente. Começou a Primeira República."
  },
  {
    "topic": "Os Romanos em Portugal",
    "text": "Os Romanos vieram para Portugal há muitos anos. Construíram pontes, estradas e trouxeram novos hábitos."
  },
  {
    "topic": "Os Descobrimentos",
    "text": "Portugal explorou o mundo no tempo dos Descobrimentos. Os navegadores descobriram terras e levaram coisas novas."
  },
  {
    "topic": "A Bandeira de Portugal",
    "text": "A nossa bandeira é verde e vermelha, com um escudo e uma esfera. Representa a nossa história e o país."
  },
  {
    "topic": "A Revolução Industrial",
    "text": "Foi uma época em que as máquinas começaram a ser usadas nas fábricas. Mudou a vida das pessoas."
  },
  {
    "topic": "D. Afonso Henriques",
    "text": "D. Afonso Henriques foi o primeiro rei de Portugal. Lutou para tornar o país independente."
  },
  {
    "topic": "Os Castelos de Portugal",
    "text": "Os castelos foram construídos para defender o país. Muitos ainda existem e podemos visitá-los."
  },
  {
    "topic": "O 1.º de Dezembro",
    "text": "Neste dia celebra-se a Restauração da Independência de Portugal em 1640, quando o país voltou a ter um rei português."
  },
  {
    "topic": "A Escrita",
    "text": "A escrita foi uma invenção muito importante. Permitiu guardar histórias e ensinar outras pessoas."
  },
  {
    "topic": "Os Reis e as Rainhas",
    "text": "Portugal teve muitos reis e rainhas. Eles ajudavam a governar o país e tomavam decisões importantes."
  },
  {
    "topic": "O Tratado de Tordesilhas",
    "text": "Portugal e Espanha dividiram o mundo neste tratado. Assim evitavam discutir sobre novas terras."
  },
  {
    "topic": "As Descobertas na África",
    "text": "Os navegadores portugueses foram os primeiros a explorar a costa de África, em busca de ouro e novas rotas."
  },
  {
    "topic": "A Liberdade e a Democracia",
    "text": "Hoje em dia, vivemos em liberdade e podemos votar. Isso chama-se democracia."
  }
]
  