[
    {
      "topic": "Funções da Linguagem",
      "text": "A linguagem pode servir para informar, emocionar, convencer ou manter o contacto. Cada tipo tem uma função."
    },
    {
      "topic": "Denotação e Conotação",
      "text": "A denotação é o sentido literal das palavras. A conotação é o sentido figurado ou simbólico."
    },
    {
      "topic": "Níveis de Língua",
      "text": "A língua varia conforme a situação. Pode ser formal, informal, popular ou técnica."
    },
    {
      "topic": "Formação de Palavras",
      "text": "As palavras podem formar-se por derivação, composição ou empréstimo de outras línguas."
    },
    {
      "topic": "Análise Sintática",
      "text": "Estudamos a estrutura da frase, identificando sujeito, predicado, modificadores e complementos."
    },
    {
      "topic": "Orações Coordenadas",
      "text": "São orações independentes ligadas por conjunções, como 'e', 'mas', 'ou', 'logo'."
    },
    {
      "topic": "Orações Subordinadas",
      "text": "São orações que dependem de outra. Podem ser substantivas, adjetivas ou adverbiais."
    },
    {
      "topic": "Tempos e Modos Verbais",
      "text": "Os verbos variam no tempo (presente, passado, futuro) e no modo (indicativo, conjuntivo, imperativo)."
    },
    {
      "topic": "Concordância Verbal e Nominal",
      "text": "O verbo deve concordar com o sujeito; os adjetivos devem concordar com os nomes em género e número."
    },
    {
      "topic": "Pronomes e Determinantes",
      "text": "Pronomes substituem nomes. Determinantes acompanham nomes e indicam quantidade, posse, etc."
    },
    {
      "topic": "Ortografia e Acordo Ortográfico",
      "text": "Aprendemos a escrever corretamente segundo as regras atualizadas do Acordo Ortográfico da Língua Portuguesa."
    },
    {
      "topic": "Pontuação",
      "text": "Usamos vírgulas, pontos, travessões e aspas para dar sentido, ritmo e clareza aos textos."
    },
    {
      "topic": "Tipos de Texto",
      "text": "Identificamos textos narrativos, descritivos, expositivos, injuntivos, dialogais e argumentativos."
    },
    {
      "topic": "Leitura e Interpretação",
      "text": "Ler é compreender, interpretar e refletir sobre o que está escrito, analisando ideias e intenções do autor."
    },
    {
      "topic": "Texto Argumentativo",
      "text": "Defende uma opinião com argumentos claros, lógicos e estruturados."
    },
    {
      "topic": "Resumo e Síntese",
      "text": "Resumo apresenta as ideias principais. Síntese reorganiza a informação com palavras próprias."
    },
    {
      "topic": "Crónica",
      "text": "Texto curto e opinativo, muitas vezes sobre temas do quotidiano, com linguagem simples e pessoal."
    },
    {
      "topic": "Poema e Figuras de Estilo",
      "text": "A poesia usa figuras como metáforas, comparações e aliterações para criar beleza e emoção."
    },
    {
      "topic": "Narrador e Personagens",
      "text": "O narrador pode ser personagem ou observador. As personagens podem ser principais ou secundárias."
    },
    {
      "topic": "Estrutura do Texto Narrativo",
      "text": "Tem início, desenvolvimento, clímax e desfecho. Pode ter espaço, tempo e conflito."
    },
    {
      "topic": "Discurso Direto, Indireto e Indireto Livre",
      "text": "São formas de apresentar as falas das personagens ou pensamentos."
    },
    {
      "topic": "Análise de Obras Literárias",
      "text": "Lemos e estudamos obras recomendadas, analisando temas, linguagem e contexto histórico."
    },
    {
      "topic": "Expressão Escrita",
      "text": "Aprendemos a planear, escrever e rever textos com coesão, correção e criatividade."
    }
  ]
  