[
    {
      "topic": "Classes de Palavras",
      "text": "As palavras dividem-se em classes, como nome, adjetivo, verbo, advérbio, pronome, entre outras."
    },
    {
      "topic": "Frase Simples e Frase Complexa",
      "text": "A frase simples tem só uma oração. A frase complexa tem duas ou mais orações ligadas por conjunções."
    },
    {
      "topic": "Tipos de Sujeito",
      "text": "O sujeito pode ser simples, composto, indeterminado ou inexistente, dependendo da frase."
    },
    {
      "topic": "Predicado",
      "text": "O predicado é o que se diz sobre o sujeito. Pode ter um verbo ou mais."
    },
    {
      "topic": "Concordância Verbal e Nominal",
      "text": "As palavras devem concordar entre si em género e número, e o verbo deve concordar com o sujeito."
    },
    {
      "topic": "Tempos Verbais",
      "text": "Os tempos verbais indicam quando acontece a ação: passado, presente ou futuro."
    },
    {
      "topic": "Modos Verbais",
      "text": "Os modos verbais são: indicativo (realidade), conjuntivo (desejo ou hipótese) e imperativo (ordem ou pedido)."
    },
    {
      "topic": "Funções Sintáticas",
      "text": "Cada palavra ou grupo de palavras tem uma função na frase: sujeito, complemento direto, complemento indireto, etc."
    },
    {
      "topic": "Advérbios e Locuções Adverbiais",
      "text": "Modificam o sentido dos verbos, adjetivos ou outros advérbios, indicando modo, tempo, lugar, entre outros."
    },
    {
      "topic": "Pronomes",
      "text": "Substituem ou acompanham nomes. Podem ser pessoais, possessivos, demonstrativos, interrogativos ou relativos."
    },
    {
      "topic": "Preposições",
      "text": "São palavras que ligam termos da frase. Exemplo: de, com, por, para."
    },
    {
      "topic": "Conjunções",
      "text": "Ligam orações ou palavras. Podem ser coordenativas ou subordinativas."
    },
    {
      "topic": "Ortografia",
      "text": "Aprendemos regras da escrita correta das palavras, como uso do hífen, do c e do ç, entre outras."
    },
    {
      "topic": "Acentuação Gráfica",
      "text": "Regras para usar corretamente os acentos agudo, circunflexo e grave."
    },
    {
      "topic": "Compreensão Leitora",
      "text": "Ler e interpretar textos é essencial para perceber ideias, sentimentos e intenções do autor."
    },
    {
      "topic": "Texto Narrativo",
      "text": "Conta uma história com personagens, espaço, tempo e uma sequência de acontecimentos."
    },
    {
      "topic": "Texto Descritivo",
      "text": "Descreve pessoas, lugares, objetos ou situações, com muitos detalhes."
    },
    {
      "topic": "Texto Argumentativo",
      "text": "Defende uma opinião com argumentos e exemplos."
    },
    {
      "topic": "Texto Informativo",
      "text": "Apresenta factos e informações de forma clara e objetiva."
    },
    {
      "topic": "Poesia",
      "text": "A poesia usa linguagem criativa, rimas e ritmo. Pode exprimir sentimentos ou ideias."
    },
    {
      "topic": "Resumo e Reconto",
      "text": "Resumir é dizer o mais importante do texto. Recontar é contar a história com as tuas palavras."
    },
    {
      "topic": "Figuras de Estilo",
      "text": "São formas especiais de usar a linguagem, como a metáfora, comparação e personificação."
    },
    {
      "topic": "Formação de Palavras",
      "text": "Aprendemos como se formam palavras com prefixos, sufixos ou por composição."
    }
  ]
  