[
    {
      "topic": "O Alfabeto",
      "text": "O alfabeto tem 26 letras. Aprendemos a reconhecer e a escrever cada uma delas."
    },
    {
      "topic": "Sílabas",
      "text": "As palavras são formadas por sílabas. Cada sílaba tem pelo menos uma vogal."
    },
    {
      "topic": "Frases",
      "text": "Uma frase tem palavras com sentido. Começa com letra maiúscula e termina com ponto final."
    },
    {
      "topic": "Tipos de Frase",
      "text": "Há frases afirmativas, negativas, interrogativas e exclamativas. Cada uma serve para comunicar de forma diferente."
    },
    {
      "topic": "Nomes",
      "text": "Os nomes são palavras que usamos para identificar pessoas, animais, coisas ou lugares."
    },
    {
      "topic": "Adjetivos",
      "text": "Os adjetivos são palavras que descrevem os nomes. Dizem como são ou estão as coisas."
    },
    {
      "topic": "Verbos",
      "text": "Os verbos indicam ações. Exemplos: correr, saltar, escrever."
    },
    {
      "topic": "Artigos",
      "text": "Os artigos acompanham os nomes. Podem ser definidos (o, a) ou indefinidos (um, uma)."
    },
    {
      "topic": "Pronomes Pessoais",
      "text": "Os pronomes pessoais substituem os nomes das pessoas. Exemplo: eu, tu, ele, nós."
    },
    {
      "topic": "Singular e Plural",
      "text": "O singular fala de uma só coisa. O plural fala de mais do que uma."
    },
    {
      "topic": "Masculino e Feminino",
      "text": "Os nomes podem ser do género masculino (o menino) ou feminino (a menina)."
    },
    {
      "topic": "Pontuação",
      "text": "A pontuação ajuda a dar sentido ao texto. Usamos o ponto final, a vírgula, o ponto de interrogação e o ponto de exclamação."
    },
    {
      "topic": "Leitura",
      "text": "Ler é compreender o que está escrito. É importante ler com atenção e interpretar o texto."
    },
    {
      "topic": "Compreensão de Texto",
      "text": "Depois de ler, é importante responder a perguntas sobre o texto para mostrar que o entendemos."
    },
    {
      "topic": "Escrita Criativa",
      "text": "Escrever histórias, cartas ou descrições ajuda-nos a usar a imaginação e a melhorar a escrita."
    },
    {
      "topic": "Palavras com Ortografia Difícil",
      "text": "Algumas palavras são difíceis de escrever. É preciso praticar e conhecer as regras."
    },
    {
      "topic": "Sinónimos e Antónimos",
      "text": "Sinónimos são palavras com significado parecido. Antónimos têm significado contrário."
    },
    {
      "topic": "Famílias de Palavras",
      "text": "São palavras que vêm da mesma palavra principal. Exemplo: flor, florista, florido."
    },
    {
      "topic": "Divisão Silábica",
      "text": "Dividimos as palavras em sílabas para aprender a ler e a escrever melhor."
    },
    {
      "topic": "Tipos de Texto",
      "text": "Aprendemos a identificar textos narrativos, descritivos, informativos e poemas."
    },
    {
      "topic": "Acentuação",
      "text": "Algumas palavras levam acento (´) para indicar como devem ser lidas."
    },
    {
      "topic": "Ordenar Palavras e Frases",
      "text": "É importante saber a ordem certa das palavras para fazer frases com sentido."
    },
    {
      "topic": "Expressões Populares",
      "text": "Algumas frases são usadas no dia a dia com um significado especial. Exemplo: 'andar nas nuvens'."
    }
  ]
  